withdrawalLocalUuid,expenseLocalUuid,employeeUuid,amount,date,normalizedCreatedAt,withdrawalExpenseId,withdrawalReason,expenseType
ce77a8b9-8921-4344-8815-915c59b702e5,6cc1b012-3959-4dcb-80a8-eba195a2b66f,3fff6cd4-7aa1-4df4-8020-22789d74d385,2000,2026-07-06,1783367657,743,exp_743,سحب راتب
b9860df6-0008-487b-b23f-d9dd33b3b629,85000a7f-64c0-4183-9aa7-b561ee0a29cc,3fff6cd4-7aa1-4df4-8020-22789d74d385,2000,2026-07-22,1784769620,870,exp_870,سحب راتب
cf1a62ae-a532-4356-a90d-896acee4299c,e06d1dc2-0f5e-4870-9a3a-75a794d02ce3,40035809-2279-47d2-9689-151a3b098fe1,6000,2026-07-22,1784769553,868,exp_868,سحب راتب
c9468e42-6d48-4123-bc6d-ac41ffcdc3f3,07c57970-1b03-4493-a3fb-488616b0cbb9,30c9b5e0-d54d-4b11-bd5c-d375ada06790,5000,2026-07-23,1784839784,878,exp_878,سحب راتب
20652beb-1a55-4c13-9040-9090b5923102,fdd7f94b-bfe0-4cdd-b451-a868242581ec,3fff6cd4-7aa1-4df4-8020-22789d74d385,2000,2026-07-23,1784839806,880,exp_880,سحب راتب
29d4fa9d-dfcc-47bd-8887-32ad9b15727e,54ac55c2-3645-4e14-a3c9-49038b7886e0,40035809-2279-47d2-9689-151a3b098fe1,6000,2026-07-23,1784839794,879,exp_879,سحب راتب
811f95d1-2370-4823-b9e5-9a48eb202c34,f3b37626-1cab-45cf-a0b6-abd0a6299dbb,9b2b001c-7edc-47fb-8485-a197e5506170,48000,2026-07-23,1784839774,877,exp_877,سحب راتب
ce725f34-325e-4200-b86f-784f81dfb9e2,0f4aa933-1b0a-4ea6-bf54-c8a22e24c0d4,9ffa255f-d7f2-48e3-a2ae-2293f8f0e11b,2000,2026-07-23,1784839754,876,exp_876,سحب راتب
24c9cd2a-5080-4302-83f0-d229d61d4763,628c3e39-cb8a-4c84-9753-f82eceb38dd8,30c9b5e0-d54d-4b11-bd5c-d375ada06790,5000,2026-07-24,1784927017,888,exp_888,سحب راتب
a6b40ed5-2e88-4871-8326-0682c3f006b3,1e7491ef-15d6-4e10-8fc2-0bdcf9e71b2a,3fff6cd4-7aa1-4df4-8020-22789d74d385,2000,2026-07-24,1784931539,892,exp_892,سحب راتب
3c985c43-9337-4a33-bd29-33d3490e1c58,83b0016d-3b5c-45da-a5a4-7c384fdfa9ee,9b2b001c-7edc-47fb-8485-a197e5506170,24000,2026-07-24,1784927031,889,exp_889,سحب راتب
1d4b77fa-56d1-41cf-aef8-f5cdf9823241,6b74a5e7-819e-4159-ad37-87db182afaae,9ffa255f-d7f2-48e3-a2ae-2293f8f0e11b,2000,2026-07-24,1784926970,884,exp_884,سحب راتب
53f18844-d127-4af4-ad0c-9f6c4358160b,d8cf8185-ab3b-4af5-bc45-43639e3a7cfa,30c9b5e0-d54d-4b11-bd5c-d375ada06790,5000,2026-07-25,1785013789,896,exp_896,سحب راتب
fca64b56-5d58-41e2-a19e-3ccbc8df2dd2,669fdfbb-4015-43a1-baec-33c5e0fe29d6,3fff6cd4-7aa1-4df4-8020-22789d74d385,2000,2026-07-25,1785013822,898,exp_898,سحب راتب
a3361d03-e5a0-4914-92cf-01684d1e2f7e,ce8b7329-5c43-47da-91c3-bfc5a656e83a,40035809-2279-47d2-9689-151a3b098fe1,6000,2026-07-25,1785013804,897,exp_897,سحب راتب
387308b3-948e-4339-8b85-abfd7ebab609,5bf6157f-355c-475f-a104-e51029cef75b,9ffa255f-d7f2-48e3-a2ae-2293f8f0e11b,2000,2026-07-25,1785013778,895,exp_895,سحب راتب
7493b46d-d109-4bd7-b296-7ec6a3e580fa,729d0f1a-3a10-4fab-8b10-c8a8059e331d,30c9b5e0-d54d-4b11-bd5c-d375ada06790,5000,2026-07-26,1785091918,903,exp_903,سحب راتب
aecb8c06-b84c-4473-a3f3-5e83594faf49,b6c45b03-15ea-455d-84e1-131e21303e57,40035809-2279-47d2-9689-151a3b098fe1,6000,2026-07-26,1785091954,904,exp_904,سحب راتب
37b0b32b-008f-4b2c-8038-e6fa43c4bbf3,2fa87867-d54e-40cd-ba55-58eec72732e4,9ffa255f-d7f2-48e3-a2ae-2293f8f0e11b,2000,2026-07-26,1785102518,905,exp_905,سحب راتب
c0fa28d9-7c79-45a6-b7ee-0fd0213c4620,bcea5020-7cc3-4932-9119-d414c13d3f51,30c9b5e0-d54d-4b11-bd5c-d375ada06790,1000,2026-07-27,1785192629,919,exp_919,سحب راتب
5bccfd56-e6c8-4f6c-a636-c94b8f632bce,5581b9fc-dbb4-47c1-9dd6-b5583e9aafdb,3fff6cd4-7aa1-4df4-8020-22789d74d385,2000,2026-07-27,1785192527,914,exp_914,سحب راتب
ca8f0ba5-f10e-4003-98e4-48f80493c0fd,4cc30813-38a4-49c7-9ba6-788a62610a52,40035809-2279-47d2-9689-151a3b098fe1,6000,2026-07-27,1785192613,918,exp_918,سحب راتب
67055883-68ba-4ec1-a5a8-b8d6771dd1e9,de4d70c1-80ce-4ba5-b588-84f1341c9991,9ffa255f-d7f2-48e3-a2ae-2293f8f0e11b,2000,2026-07-27,1785192478,912,exp_912,سحب راتب
b66ed837-7333-4699-a923-320e7045a450,c766a616-8389-4aee-9221-81b3921ea92a,30c9b5e0-d54d-4b11-bd5c-d375ada06790,5000,2026-07-28,1785275467,921,exp_921,سحب راتب
f2723106-dc97-475a-98c6-1d1509225b66,7285ee2c-d179-47c9-b516-7aab22126eca,3fff6cd4-7aa1-4df4-8020-22789d74d385,2000,2026-07-28,1785275484,922,exp_922,سحب راتب
64f97521-6fbb-43bc-ae73-933bc1baf066,f5243614-eb9b-45f9-bfd3-0d5a35a6b58e,40035809-2279-47d2-9689-151a3b098fe1,6000,2026-07-28,1785275523,925,exp_925,سحب راتب
4ebc244e-ce5c-4ae7-b653-99cf8dc96199,7eaa4652-8c57-4700-b7bd-1f7b2cf43859,30c9b5e0-d54d-4b11-bd5c-d375ada06790,5000,2026-07-29,1785366652,931,exp_931,سحب راتب
5890c5ae-f88a-4697-af34-5f7c3eaf66f3,d9af1b83-7145-4f3a-b92d-ca7a312bb35a,3fff6cd4-7aa1-4df4-8020-22789d74d385,2000,2026-07-29,1785366638,930,exp_930,سحب راتب
0a0f7724-4154-408f-9866-625ff5a12593,076c8ffb-0ef9-4af3-9a95-f4d1b2737ea4,40035809-2279-47d2-9689-151a3b098fe1,6000,2026-07-29,1785366628,929,exp_929,سحب راتب
4ea332f9-4a6b-4a0b-8b66-36e1953db346,ce8f4b4a-0f00-404d-8339-95428a6bac01,30c9b5e0-d54d-4b11-bd5c-d375ada06790,5000,2026-07-30,1785453184,933,exp_933,سحب راتب
6797875c-1f02-46c6-812d-47ea23dc9d29,68c3b5dc-1720-46ad-a295-0a1663470ae9,3fff6cd4-7aa1-4df4-8020-22789d74d385,2000,2026-07-30,1785453210,935,exp_935,سحب راتب
157ee0aa-904c-4fe9-9434-be3d528571ed,239b4157-72ad-4a22-990e-9d2653f38351,40035809-2279-47d2-9689-151a3b098fe1,6000,2026-07-30,1785453218,936,exp_936,سحب راتب
112a8ff3-0893-49a1-9e8b-51dcf253f334,5da70211-b9a0-4be6-a219-c40680eec7d5,91066357-ee19-49b1-8b3f-2698df60d600,10000,2026-07-30,1785453250,938,exp_938,سحب راتب
73d3b550-2bf7-46b9-8ac8-f5825175a203,712a5ff2-0880-42eb-b08c-a8c8009d295a,9ffa255f-d7f2-48e3-a2ae-2293f8f0e11b,2000,2026-07-30,1785453173,932,exp_932,سحب راتب
c3596bef-ffbd-4035-97fe-902ca9bc4ca9,712da3c0-35ad-450d-9d8b-5f7c9851d58f,0ba49b07-9a16-47ed-bf2e-d6d1164aeffd,29700,2026-07-31,1785577785,945,exp_945,سحب راتب
ab95d771-1f36-4979-89e9-55d0af05daf4,a0396ff6-f366-4c7a-9773-f724089aff4e,3fff6cd4-7aa1-4df4-8020-22789d74d385,2000,2026-07-31,1785539621,942,exp_942,سحب راتب
8c189c0c-4754-403b-9dcb-97d82f877750,2a626514-c0fe-4df4-ac3b-c2dae6736812,40035809-2279-47d2-9689-151a3b098fe1,6000,2026-07-31,1785539633,943,exp_943,سحب راتب
1fedb9cc-fa2c-48c3-8b35-1d57be370749,42c6de5a-2fb6-4a26-915b-82c81cc45423,9ffa255f-d7f2-48e3-a2ae-2293f8f0e11b,2000,2026-07-31,1785539594,940,exp_940,سحب راتب
e663dd3c-12aa-4e60-acf9-3ab1cc496dc1,a41486cc-ec66-4539-857c-088301694c6d,0ba49b07-9a16-47ed-bf2e-d6d1164aeffd,50000,2026-08-01,1785635781,954,exp_954,سحب راتب
dbe0de1b-262c-4151-949b-d9f221d920be,03e5ab26-3f72-46ba-b92e-dc45854a5476,3fff6cd4-7aa1-4df4-8020-22789d74d385,2000,2026-08-01,1785625578,950,exp_950,سحب راتب
ec861b6c-1f22-451a-b2c7-58cb6c923cb8,f4047220-15dc-4616-8f00-082201b37a6f,30c9b5e0-d54d-4b11-bd5c-d375ada06790,5000,2026-08-02,1785706968,960,exp_960,سحب راتب
474bc22c-0db8-400d-a044-3329c7f19913,da156c10-f7bb-47b8-b2a9-f5dfcd381c85,3fff6cd4-7aa1-4df4-8020-22789d74d385,2000,2026-08-02,1785706938,958,exp_958,سحب راتب
a44206e4-ab71-45b8-857d-5fe8ff11d114,fd48e14d-91f6-4ad1-9ac6-0c2252f148ff,40035809-2279-47d2-9689-151a3b098fe1,6000,2026-08-02,1785706957,959,exp_959,سحب راتب
34333cc1-79db-45fe-8ced-3c00184fc519,7c63b312-f267-4214-bf50-545ef4da43b3,30c9b5e0-d54d-4b11-bd5c-d375ada06790,5000,2026-08-03,1785799325,966,exp_966,سحب راتب
15664675-d96d-4589-a2e3-9d7bc4c72ce3,10a95ad2-68a6-41a3-baef-ddc2a0f9c1c3,3fff6cd4-7aa1-4df4-8020-22789d74d385,2000,2026-08-03,1785799338,967,exp_967,سحب راتب
2abef313-ec39-4936-97d1-9e02674c5ffa,819116f4-001d-4538-a15b-a3ad56d47e48,40035809-2279-47d2-9689-151a3b098fe1,6000,2026-08-03,1785799350,968,exp_968,سحب راتب
a19fd86d-0c29-446f-bef7-47d80c775ed6,cf2ce2c7-4c91-4be2-8aee-415d61c25d61,30c9b5e0-d54d-4b11-bd5c-d375ada06790,5000,2026-08-04,1785883764,979,exp_979,سحب راتب
b028ebd2-4735-408f-9fcf-2ce27f98241c,2972bea8-16f7-4ac5-abf4-068ba616a153,3fff6cd4-7aa1-4df4-8020-22789d74d385,2000,2026-08-04,1785883754,978,exp_978,سحب راتب
f42609d2-37a8-4d14-9dea-2ab3465bdf6b,1f4dbbde-86b2-4929-a3f6-33d5c62ede25,40035809-2279-47d2-9689-151a3b098fe1,6000,2026-08-04,1785883745,977,exp_977,سحب راتب
b2927251-20c7-4f75-abc0-3bfe5eead260,449e8042-b5e4-448a-89f8-2e6ff62cf387,9ffa255f-d7f2-48e3-a2ae-2293f8f0e11b,2000,2026-08-04,1785883720,975,exp_975,سحب راتب
94fff8a2-72cc-4904-ab4c-8b7b8751635d,f056f929-d3a0-4ca5-a8f0-fb665fa6dbf2,30c9b5e0-d54d-4b11-bd5c-d375ada06790,6000,2026-08-05,1785972041,982,exp_982,سحب راتب
48710644-eab9-487b-b9ab-e4c68f0d2f79,e5cbab58-279b-404c-9180-790a1c9dced0,3fff6cd4-7aa1-4df4-8020-22789d74d385,2000,2026-08-05,1785972083,985,exp_985,سحب راتب
fe5ef88e-2d77-4e1b-a82f-fa66414c0fbb,93dc14c3-d2f4-4bfe-b511-ba6da743559c,40035809-2279-47d2-9689-151a3b098fe1,6000,2026-08-05,1785972112,987,exp_987,سحب راتب
82258884-f4d2-4a7e-b556-fcb67921c0ba,df3fd63d-943e-49c9-9b12-d09baf1842c4,9ffa255f-d7f2-48e3-a2ae-2293f8f0e11b,2000,2026-08-05,1785972070,984,exp_984,سحب راتب
d5a9bb32-e2ac-4443-9589-642eb8ed8080,2134db54-cffc-4ffe-9dd6-65e463e4bc52,0ba49b07-9a16-47ed-bf2e-d6d1164aeffd,5000,2026-08-06,1786055382,992,exp_992,سحب راتب
4671231f-d7c9-444b-97f8-c9093a1a9d93,c003e34b-d985-4d66-8d99-d42fc27076f9,0ba49b07-9a16-47ed-bf2e-d6d1164aeffd,8000,2026-08-06,1786147603,1009,exp_1009,سحب راتب
7eebd1d6-c25b-496d-81bd-a40b3088562c,ef5087db-6df6-4a3c-a480-02c0e3042adb,218da267-a3b3-4c40-ab96-a25101a8f161,10000,2026-08-06,1786055476,998,exp_998,سحب راتب
44d0360d-d013-4d43-9cc6-57859603d260,ae558a00-dc38-4cce-b7ce-5ec874b4e9c8,30c9b5e0-d54d-4b11-bd5c-d375ada06790,5000,2026-08-06,1786055435,996,exp_996,سحب راتب
4e58a3c8-3e85-47e4-b594-26886913c7b0,97e3dbde-3c8d-4e00-b96d-4ac54af1b702,3fff6cd4-7aa1-4df4-8020-22789d74d385,2000,2026-08-06,1786055414,994,exp_994,سحب راتب
bb89ee26-cd26-4f6f-aad8-caed4c2be65b,0162fcb5-a2ed-4f53-86c4-c1971846932e,9ffa255f-d7f2-48e3-a2ae-2293f8f0e11b,2000,2026-08-06,1786055338,991,exp_991,سحب راتب
af4eca61-fe34-41fd-a31b-b065c5a27011,40dab56e-271a-40f9-975d-26086a49312a,30c9b5e0-d54d-4b11-bd5c-d375ada06790,5000,2026-08-07,1786142209,1006,exp_1006,سحب راتب
b1730c3e-8eb5-46d9-ae17-3d6b035472e5,a0f75d5b-8b3d-4e8d-bd70-d684c5ec25f8,3fff6cd4-7aa1-4df4-8020-22789d74d385,2000,2026-08-07,1786142183,1004,exp_1004,سحب راتب
c9eca15e-1ce7-4fdc-8e1a-435f25a01c75,93620a33-306c-4fa0-b299-e246d65c8b37,40035809-2279-47d2-9689-151a3b098fe1,6000,2026-08-07,1786142171,1003,exp_1003,سحب راتب
696f2af1-8133-4310-b93e-dc82de6f227a,59212c1f-c048-4fb5-a364-c49f91e848e0,9ffa255f-d7f2-48e3-a2ae-2293f8f0e11b,2000,2026-08-07,1786142158,1002,exp_1002,سحب راتب
694aa40a-a085-41f4-a916-02fd8822d6f9,244f0132-d397-45d2-8a6f-d5a96c7995e1,30c9b5e0-d54d-4b11-bd5c-d375ada06790,5000,2026-08-08,1786230222,1014,exp_1014,سحب راتب
da138efc-0e78-4012-b4d6-7291b425093a,9d0727c9-8e16-4371-9fb3-d79adb3291a9,40035809-2279-47d2-9689-151a3b098fe1,6000,2026-08-08,1786230209,1013,exp_1013,سحب راتب
b5a066e3-d813-48b3-a1c9-6e70b5ae6b7d,dcec7059-5a5d-4671-8cd3-0a719d094200,218da267-a3b3-4c40-ab96-a25101a8f161,10000,2026-08-09,1786313201,1026,exp_1026,سحب راتب
515f40be-b063-4026-a942-68dd5383ac37,6d45e02d-a8e0-4532-9187-18d396b82133,30c9b5e0-d54d-4b11-bd5c-d375ada06790,5000,2026-08-09,1786312980,1017,exp_1017,سحب راتب
6cfa7d3b-37ba-4bbf-823e-9c80660b37c7,ae7db9b3-9d67-4e44-8cb0-6f3bb470ab1d,3fff6cd4-7aa1-4df4-8020-22789d74d385,2000,2026-08-09,1786313038,1021,exp_1021,سحب راتب
f9bdb591-7f21-47f3-8bc0-aa6ea45e266d,0aededfc-ba14-410c-b5f9-e6cd6c304ecc,40035809-2279-47d2-9689-151a3b098fe1,6000,2026-08-09,1786313103,1024,exp_1024,سحب راتب
fc3d554c-5e83-4ae0-a304-a5345bec1b7a,5665206e-cdbe-44d7-b1eb-e8ee9ba63af4,9ffa255f-d7f2-48e3-a2ae-2293f8f0e11b,2000,2026-08-09,1786313008,1019,exp_1019,سحب راتب
faeadccd-cad5-4347-a97e-6b698fad2f92,2391f29c-f414-4cdf-911c-d5361f95e276,30c9b5e0-d54d-4b11-bd5c-d375ada06790,4000,2026-08-10,1786399282,1027,exp_1027,سحب راتب
fc8bf4a8-58ab-4dcb-8dc3-f53f5d8bb57f,338f0636-e297-460e-b12b-03960e6d8604,30c9b5e0-d54d-4b11-bd5c-d375ada06790,5000,2026-08-10,1786399303,1028,exp_1028,سحب راتب
01ee0a7c-9c40-4164-b879-1b203adb6dd6,3b347f80-210e-45d4-90e6-13e7ccc27d7d,3fff6cd4-7aa1-4df4-8020-22789d74d385,2000,2026-08-10,1786399353,1032,exp_1032,سحب راتب
9efaa51e-fbf9-4845-b527-4d0b77ab3599,173bba4b-0aeb-4e00-b480-fe439fa13ccf,40035809-2279-47d2-9689-151a3b098fe1,6000,2026-08-10,1786399341,1031,exp_1031,سحب راتب
f1050e7d-39c5-48d5-976f-32a29cf14640,79369be4-39dc-4249-872a-5342acb986aa,9ffa255f-d7f2-48e3-a2ae-2293f8f0e11b,2000,2026-08-10,1786399319,1029,exp_1029,سحب راتب
a0ca70f6-7a53-4e2d-a787-70739d70ad98,506a326d-5fab-43d5-84a4-0970c8d63a4d,30c9b5e0-d54d-4b11-bd5c-d375ada06790,5000,2026-08-11,1786487975,1036,exp_1036,سحب راتب
02348c1b-0e12-4a59-bd31-bed6aebe0553,4a09f0b0-51c3-457f-b86a-c8865f4c26da,3fff6cd4-7aa1-4df4-8020-22789d74d385,2000,2026-08-11,1786488036,1041,exp_1041,سحب راتب
b53553d5-79ac-4845-bad7-8f4fe2abbfa5,c1d377f2-18cf-431a-ab51-98ad879cea6b,40035809-2279-47d2-9689-151a3b098fe1,6000,2026-08-11,1786488016,1039,exp_1039,سحب راتب
c34c51b5-f2f1-4616-9436-6aaa1c340f2e,1bb413bd-a961-4035-9d7f-2a9469ea7f89,9ffa255f-d7f2-48e3-a2ae-2293f8f0e11b,2000,2026-08-11,1786487967,1035,exp_1035,سحب راتب
9d060b9b-37d4-45de-be1a-d882906054f3,76a79757-7a00-4994-b48a-f09266af541e,30c9b5e0-d54d-4b11-bd5c-d375ada06790,5500,2026-08-12,1786571196,1046,exp_1046,سحب راتب
0b007737-d469-478b-ada8-75e3f5468cc1,58baf584-2fe2-4436-88e1-67c5b758c95e,3fff6cd4-7aa1-4df4-8020-22789d74d385,2000,2026-08-12,1786571373,1053,exp_1053,سحب راتب
622a60fc-e39e-4ae9-8ee4-6a15c7c0d48a,517f2dd8-b119-4bbf-9dcc-316d4b19bed1,40035809-2279-47d2-9689-151a3b098fe1,6000,2026-08-12,1786571245,1048,exp_1048,سحب راتب
563bc145-a1e3-4356-8025-d4c64f9fe9b0,8f77052d-0ef3-406f-8cde-46ea7448bff5,3fff6cd4-7aa1-4df4-8020-22789d74d385,2000,2026-08-13,1786655280,1043,exp_1043,سحب راتب
eb5f795f-1dc4-40a1-96c4-a8919b06b561,a5ad9be5-1053-4024-a7f3-2a8086b2cb7b,40035809-2279-47d2-9689-151a3b098fe1,6000,2026-08-13,1786655271,1042,exp_1042,سحب راتب
77b78da3-3ea7-4974-befe-1c40e7f6c3e1,6424b10d-cd10-43bd-a196-f3ab0ac54de9,9b2b001c-7edc-47fb-8485-a197e5506170,50000,2026-08-13,1786655307,1045,exp_1045,سحب راتب
d87d8a34-f61b-4d5c-834b-0c59e8269cf7,0cebd62a-ff40-4f84-887d-8881820f62be,9ffa255f-d7f2-48e3-a2ae-2293f8f0e11b,2000,2026-08-13,1786655294,1044,exp_1044,سحب راتب
c73c9b46-cf97-4766-abee-3966290a9fdb,fedc019d-89a9-46f0-9b1a-568683c08fd4,30c9b5e0-d54d-4b11-bd5c-d375ada06790,5000,2026-08-14,1786742818,1049,exp_1049,سحب راتب
7982ad2e-208e-4376-ad64-d7cfeb731220,e8906a22-39fa-4171-a72e-285f1af6fa2e,3fff6cd4-7aa1-4df4-8020-22789d74d385,2000,2026-08-14,1786742918,1055,exp_1055,سحب راتب
3c7cf842-6153-4f12-944a-04e33a310e71,e8827c7d-1ecf-4771-b840-2aca03b66de3,40035809-2279-47d2-9689-151a3b098fe1,6000,2026-08-14,1786742848,1051,exp_1051,سحب راتب
6f0352e4-8808-4a3b-b182-4f273e297c68,ad8d0eb6-1666-4f2f-831b-72ea021d4824,9ffa255f-d7f2-48e3-a2ae-2293f8f0e11b,2000,2026-08-14,1786742867,1052,exp_1052,سحب راتب
97efa033-62c9-4a02-aa99-23885e065603,039a44d6-0c97-4c3c-b8ac-bc31764394f9,30c9b5e0-d54d-4b11-bd5c-d375ada06790,5000,2026-08-15,1786828729,1061,exp_1061,سحب راتب
48193b56-e6e4-4b48-949b-3cd301ee993d,877c315d-9078-479d-b5e5-887d2ead05f7,3fff6cd4-7aa1-4df4-8020-22789d74d385,4000,2026-08-15,1786828779,1062,exp_1062,سحب راتب
e253a9c4-8641-4a96-a638-5878f97359cd,a591b0e5-3ba6-403c-bd0c-fcc4ec6eb487,9ffa255f-d7f2-48e3-a2ae-2293f8f0e11b,2000,2026-08-15,1786828704,1059,exp_1059,سحب راتب
ac73de91-dac1-4f2c-841d-f2eb172913e2,f3eb9627-486a-4b87-a14c-61f3a0548b2f,30c9b5e0-d54d-4b11-bd5c-d375ada06790,5000,2026-08-16,1786919027,1068,exp_1068,سحب راتب
0f112428-fcb2-4dcc-bd14-4e90d1074912,1264e127-95f7-49f0-9a23-576f61324c69,3fff6cd4-7aa1-4df4-8020-22789d74d385,2000,2026-08-16,1786919053,1070,exp_1070,سحب راتب
6cbd438e-54b8-4e67-8091-61a0db663b0e,be7e82ad-361c-43a8-969b-07df6e3021dd,40035809-2279-47d2-9689-151a3b098fe1,6000,2026-08-16,1786919062,1071,exp_1071,سحب راتب
64f00ee2-74de-46c8-bc85-9fa7b70e2bbc,20d2d732-bc03-4244-9f9a-59fecf9cde47,91066357-ee19-49b1-8b3f-2698df60d600,10000,2026-08-16,1786919079,1072,exp_1072,سحب راتب
843cfb7b-7cd9-4bb0-b6ee-00bd37750101,b82edf04-6f0a-4ff5-8e1e-d546b3681a7d,30c9b5e0-d54d-4b11-bd5c-d375ada06790,5000,2026-08-17,1786997850,1076,exp_1076,سحب راتب
facfc3a1-765e-4286-8fb5-c9070fffc9ac,7ffc7541-81a4-4ebc-a462-7b49fac946e9,3fff6cd4-7aa1-4df4-8020-22789d74d385,2000,2026-08-17,1786997862,1077,exp_1077,سحب راتب
a79d8aa3-da92-48fe-a83c-a7cea4fabb87,03b48368-e6c6-4eb5-8cf9-8edbf4ce4419,9ffa255f-d7f2-48e3-a2ae-2293f8f0e11b,2000,2026-08-17,1786997919,1080,exp_1080,سحب راتب
443d8a89-a2f4-4088-84ac-5d5e16a8ad00,a57e9efe-036f-4ec8-8d44-5b15ff3939ed,3fff6cd4-7aa1-4df4-8020-22789d74d385,2000,2026-08-18,1787088077,1089,exp_1089,سحب راتب
62b44219-55ce-4c1d-af65-2a7996997702,70cc9547-2c44-4dc7-b44b-45276e87422f,40035809-2279-47d2-9689-151a3b098fe1,6000,2026-08-18,1787088064,1088,exp_1088,سحب راتب
aec690e4-ffff-407b-b97b-b9850ec91c80,cf69c5d4-3e7b-4fea-9476-eadb32da26cc,9b2b001c-7edc-47fb-8485-a197e5506170,50000,2026-08-18,1787088097,1090,exp_1090,سحب راتب
07af927c-4f6c-4ee6-b340-a1e4f185a89d,64aa69ba-cc41-40e5-adca-d566936973b4,9ffa255f-d7f2-48e3-a2ae-2293f8f0e11b,2000,2026-08-18,1787088154,1091,exp_1091,سحب راتب
407c6b90-363e-4e10-846a-27c974014b38,0dd43f48-e48b-4e7e-9bcd-5e65086ef5d3,30c9b5e0-d54d-4b11-bd5c-d375ada06790,8500,2026-08-19,1787173335,1098,exp_1098,سحب راتب
aa23c422-2bbf-4ca6-91d5-4928027cf12b,31e37680-59c2-4a85-b76d-817b0461c9c0,3fff6cd4-7aa1-4df4-8020-22789d74d385,3000,2026-08-19,1787173357,1099,exp_1099,سحب راتب
513ac9a2-50a2-4424-ae1b-356aa7f8c494,20f000d1-bf0a-4ece-82ad-c62a7b2bdbcd,40035809-2279-47d2-9689-151a3b098fe1,6000,2026-08-19,1787173420,1101,exp_1101,سحب راتب
69a36f7c-7fc0-4aa8-8392-beb7ef241b76,5f22004b-793d-47a6-b8af-11e9c9603bbc,9ffa255f-d7f2-48e3-a2ae-2293f8f0e11b,2000,2026-08-19,1787173317,1097,exp_1097,سحب راتب
5112b0ea-bb2d-4cf1-81b3-231c0bff7115,c84123f0-7a91-464d-ba7e-ba5f666734aa,9ffa255f-d7f2-48e3-a2ae-2293f8f0e11b,3000,2026-08-19,1787182540,1104,exp_1104,سحب راتب
a1f29156-4849-4e00-a85e-f209ccb31841,a41e1e01-50cf-4166-9748-63c15fbff007,0ba49b07-9a16-47ed-bf2e-d6d1164aeffd,200,2026-08-20,1787264108,1107,exp_1107,سحب راتب
fd5657e4-dca0-42d9-82c6-5953a2fb0556,4fd4b0c5-407f-4f04-9f1e-e75d20ca6b87,0ba49b07-9a16-47ed-bf2e-d6d1164aeffd,5000,2026-08-20,1787254746,1105,exp_1105,سحب راتب
c90db4a7-7241-44fc-a30b-164b1b9cee9c,1aa4df2f-ac6b-4d19-aa6f-019214acc884,30c9b5e0-d54d-4b11-bd5c-d375ada06790,5000,2026-08-20,1787264173,1111,exp_1111,سحب راتب
078d8dc0-65e7-4dd7-883d-99fcc2adb9f6,daa1da3d-8948-44eb-8031-aa98c4da1b51,3fff6cd4-7aa1-4df4-8020-22789d74d385,2000,2026-08-20,1787254789,1106,exp_1106,سحب راتب
296d0237-9f9b-4565-ad9e-55c1188f1e8b,9b91a3c2-7f48-4929-bb91-5cc679ca5307,40035809-2279-47d2-9689-151a3b098fe1,6000,2026-08-20,1787264155,1110,exp_1110,سحب راتب
6c3f6ca7-2313-422c-8aab-141130061450,adaf90cb-0ba6-4946-8d10-3b1bf71ac5df,30c9b5e0-d54d-4b11-bd5c-d375ada06790,6000,2026-08-21,1787350862,1115,exp_1115,سحب راتب
0626b262-a219-41ee-9808-311db1f4dae7,4aa7e867-aad9-4c36-8c33-bea6f3bc7387,3fff6cd4-7aa1-4df4-8020-22789d74d385,2000,2026-08-21,1787350922,1118,exp_1118,سحب راتب
e65cfb53-be09-42d8-a17d-e741ad0e2c00,3b565f8d-e82e-4f78-9c93-b5502bab2d50,40035809-2279-47d2-9689-151a3b098fe1,6000,2026-08-21,1787350871,1116,exp_1116,سحب راتب
81c21b35-a2c1-48ce-9d7a-bac9c79b7151,f7377e15-d5f8-4f90-8bae-941319d155b7,30c9b5e0-d54d-4b11-bd5c-d375ada06790,6000,2026-08-22,1787434562,1123,exp_1123,سحب راتب
fe5895b1-fd64-4912-b31b-c67f3d5cb8ba,afd4a94d-6d50-4cf7-8fea-6c37a33446ff,3fff6cd4-7aa1-4df4-8020-22789d74d385,2000,2026-08-22,1787434581,1125,exp_1125,سحب راتب
7b161bd5-23f0-4df0-84ba-0ceaa574f41d,51a24bf1-11eb-4a64-92e5-4ded33529d0a,40035809-2279-47d2-9689-151a3b098fe1,6000,2026-08-22,1787434572,1124,exp_1124,سحب راتب
1ec478c6-7928-440e-9892-4e0ec6ff25f0,5bd613ca-f92a-4d15-9a82-5b203a6cb4f3,218da267-a3b3-4c40-ab96-a25101a8f161,3000,2026-08-23,1787523942,1129,exp_1129,سحب راتب
f22c9c4d-bf5b-4827-9a83-668db0366476,f22d742d-0e88-4815-a009-a375c229ef11,30c9b5e0-d54d-4b11-bd5c-d375ada06790,7000,2026-08-23,1787523921,1128,exp_1128,سحب راتب
93de7c07-7666-476a-bfab-c24767619a8f,9bbec9d7-cf82-474d-891f-4dc420798396,40035809-2279-47d2-9689-151a3b098fe1,6000,2026-08-24,1787610004,1137,exp_1137,سحب راتب
8d934c46-af49-47af-9c5c-f54e8f1f2408,353482a7-5cae-4731-ad61-6d7e5833dc20,4d5b6752-e6c5-4500-a2f2-d1d62f77e49e,25000,2026-08-24,1787610018,1138,exp_1138,سحب راتب
dc62e524-1a81-4c25-9521-7730595d6c7a,d31da393-dcb9-4720-a15b-b7b20e8bf155,9ffa255f-d7f2-48e3-a2ae-2293f8f0e11b,2000,2026-08-24,1787610188,1142,exp_1142,سحب راتب
6f57888c-e656-4897-9942-395dd9cc4a18,10120a72-3e16-4b40-a0d5-3ca5165844e8,9ffa255f-d7f2-48e3-a2ae-2293f8f0e11b,3000,2026-08-24,1787610062,1139,exp_1139,سحب راتب
e49f0255-7329-4d60-81f4-5a76f21e0224,d08e9044-1aed-4fba-a530-b2d30fc84ce3,218da267-a3b3-4c40-ab96-a25101a8f161,7000,2026-08-25,1787694824,1146,exp_1146,سحب راتب
ba73f3b6-7177-4f94-8982-12d7befbc55f,7647c98b-c304-47f9-8173-4acdb9522cb5,3fff6cd4-7aa1-4df4-8020-22789d74d385,2000,2026-08-25,1787694797,1144,exp_1144,سحب راتب
39e86f0f-a3a4-4cd2-bb64-83ad3ddaee24,dc7179b0-84a1-4da1-903e-378b8f52e3a0,40035809-2279-47d2-9689-151a3b098fe1,6000,2026-08-25,1787694808,1145,exp_1145,سحب راتب
b5f16d4c-0afe-4ce9-ad0b-39901ec9c640,f6e2b3f4-27d4-4fad-822b-d650d8bfd200,4d5b6752-e6c5-4500-a2f2-d1d62f77e49e,25000,2026-08-25,1787698039,1148,exp_1148,سحب راتب
54df343f-7712-49d8-bd0e-33b95c7e9b63,ef2e101a-7d58-4fa4-b7e0-43fb9c8eb4b6,3fff6cd4-7aa1-4df4-8020-22789d74d385,2000,2026-08-26,1787781007,1151,exp_1151,سحب راتب
e9514e9b-9176-4dc8-b7de-ace8f572b77b,a8b833d2-f792-4548-832b-f7d9742ca4ec,40035809-2279-47d2-9689-151a3b098fe1,6000,2026-08-26,1787781029,1153,exp_1153,سحب راتب
7ffd26c2-99b7-4dc8-8147-752475067de6,02420769-c551-4f30-9154-7b952f5cb630,9ffa255f-d7f2-48e3-a2ae-2293f8f0e11b,2000,2026-08-26,1787781017,1152,exp_1152,سحب راتب
4ff3a000-1ebe-45e8-8782-66682dd66333,7e49d016-9bec-4143-b833-d3eacc9cdd5b,3fff6cd4-7aa1-4df4-8020-22789d74d385,2000,2026-08-27,1787867517,1162,exp_1162,سحب راتب
61480d95-1c54-4f38-96c0-f92320195a6b,0ec96416-c448-44e3-a379-3f299314c1e8,40035809-2279-47d2-9689-151a3b098fe1,6000,2026-08-27,1787867470,1160,exp_1160,سحب راتب
8b5108ee-2714-4cbf-96a4-96cdeef25e1a,151312e2-a83c-42f9-a3a6-020f612f320d,9ffa255f-d7f2-48e3-a2ae-2293f8f0e11b,3000,2026-08-27,1787867409,1156,exp_1156,سحب راتب
8e5b8674-ede9-454f-9912-0b3556b17330,893ab60b-f041-4d04-8472-b7d38f15bd65,3fff6cd4-7aa1-4df4-8020-22789d74d385,2000,2026-08-28,1787956450,1167,exp_1167,سحب راتب
d1bd6704-d691-4202-a55e-92f0248cb03b,403556c2-a3be-44d6-a9b5-9e6bea4311f5,40035809-2279-47d2-9689-151a3b098fe1,6000,2026-08-28,1787956440,1166,exp_1166,سحب راتب
e6ef9908-0372-4731-ac2b-027590a80c7f,17aff554-c2c1-4cee-87d6-9e6925a1c3c2,9ffa255f-d7f2-48e3-a2ae-2293f8f0e11b,3000,2026-08-28,1787956376,1165,exp_1165,سحب راتب
ed46a08c-4a50-43c7-9227-0be1c4d0bc98,d6be1f9c-2e3e-43b9-afbc-b1575816411c,0ba49b07-9a16-47ed-bf2e-d6d1164aeffd,10000,2026-08-29,1788042376,1170,exp_1170,سحب راتب
1e9a1d6f-873c-4933-958f-1d750d6c7a5f,9b4960d6-071a-432f-b701-2757fbdda3c3,3fff6cd4-7aa1-4df4-8020-22789d74d385,2000,2026-08-29,1788042412,1173,exp_1173,سحب راتب
373ab240-c3c8-4afb-9fac-29dac40d6a7d,f962cb02-2e4b-495f-a291-6e5968247919,40035809-2279-47d2-9689-151a3b098fe1,6000,2026-08-29,1788042399,1172,exp_1172,سحب راتب
905e3a8c-035d-4ee3-b8e8-142a327f901d,a8cc3d60-cccb-44e4-b284-d6327289a447,9ffa255f-d7f2-48e3-a2ae-2293f8f0e11b,3000,2026-08-29,1788042362,1169,exp_1169,سحب راتب
83fdfc54-49f8-46a5-8000-6b2587575ddd,a963c405-660b-4bf6-a1c6-527a1e320521,40035809-2279-47d2-9689-151a3b098fe1,6000,2026-08-30,1788123701,1179,exp_1179,سحب راتب
3496a8d5-e366-4d98-ac65-6d83217fe9d4,6a3be23b-9155-407e-969b-f785c725c31d,9ffa255f-d7f2-48e3-a2ae-2293f8f0e11b,2000,2026-08-30,1788123689,1178,exp_1178,سحب راتب
eb92fbd3-2b44-4e0c-b38f-02a335a3f083,936679bb-9021-48ea-a951-6810c86925f5,3fff6cd4-7aa1-4df4-8020-22789d74d385,2000,2026-08-31,1788215367,1186,exp_1186,سحب راتب
8419be60-9189-424c-8224-08df25bec34a,badda49d-3a5b-4cf7-b85a-4efc1dc303c9,40035809-2279-47d2-9689-151a3b098fe1,6000,2026-08-31,1788215417,1189,exp_1189,سحب راتب
6759f274-0c20-431d-82e0-0753fd16351b,d89ba434-44e9-49d1-b938-a8a6352bdf77,4d5b6752-e6c5-4500-a2f2-d1d62f77e49e,15000,2026-08-31,1788215384,1187,exp_1187,سحب راتب
ea9130bd-3b98-4c35-9b7a-2612c20dc8ba,8fc2792e-972f-4471-9e8e-556ff6e5470c,218da267-a3b3-4c40-ab96-a25101a8f161,20000,2026-09-01,1788302038,1196,exp_1196,سحب راتب
a9b09f63-3511-4aac-a44d-de754769cbdd,283218ec-a2e1-483f-82b5-cda002f42256,3fff6cd4-7aa1-4df4-8020-22789d74d385,2000,2026-09-01,1788301991,1193,exp_1193,سحب راتب
67733ae5-fb03-4849-b4cf-e6e9eba818e9,eb828422-d0b3-4cfb-b7de-fc6e920333af,40035809-2279-47d2-9689-151a3b098fe1,6000,2026-09-01,1788302001,1194,exp_1194,سحب راتب
b9201fb5-1ecf-4f5c-9b15-e96fba2d9377,bc1e6850-faba-4914-811b-f6d1c425ece3,218da267-a3b3-4c40-ab96-a25101a8f161,5000,2026-09-02,1788383651,1202,exp_1202,سحب راتب
60e37569-893e-4d7a-8728-79c3a07c48b0,ef2ebde8-a66f-4741-ab3c-e7a0f1c24471,40035809-2279-47d2-9689-151a3b098fe1,6000,2026-09-02,1788383578,1200,exp_1200,سحب راتب
e3b79cb2-1944-43eb-9902-15f572badcf2,5150d86c-777a-41d7-987c-4df762f4170e,9ffa255f-d7f2-48e3-a2ae-2293f8f0e11b,3000,2026-09-02,1788383550,1198,exp_1198,سحب راتب
d013b93e-372e-41bd-8547-b86f04dbe5ec,eee8c7ba-485c-4de1-9602-a30573cf6289,3fff6cd4-7aa1-4df4-8020-22789d74d385,2500,2026-09-03,1788472884,1209,exp_1209,سحب راتب
52877b49-fcb2-4208-b133-4065844708c1,733d9213-5d7c-4cbb-94ca-feadc21c09c0,40035809-2279-47d2-9689-151a3b098fe1,6000,2026-09-03,1788472836,1206,exp_1206,سحب راتب
852a8191-c786-4261-9b57-93398ffa8970,8c6aa450-15e6-4209-bb82-5a5199fab646,91066357-ee19-49b1-8b3f-2698df60d600,10000,2026-09-03,1788476932,1211,exp_1211,سحب راتب
6f64dba8-0fc5-4ef6-a35e-e8894cdcbb6f,f60cabb0-0fda-4c56-9472-09cdfd36ef23,9ffa255f-d7f2-48e3-a2ae-2293f8f0e11b,3000,2026-09-03,1788472825,1205,exp_1205,سحب راتب
b6fa1266-78e9-491d-9cff-64f2ca319ed2,5e59bd2e-2f61-45d6-bd95-8b07eb92e977,30c9b5e0-d54d-4b11-bd5c-d375ada06790,2000,2026-09-04,1788560877,1217,exp_1217,سحب راتب
0bf194db-35ea-4404-817a-00473997605b,6184d47b-0ffa-4342-addd-1699d92ce6f2,3fff6cd4-7aa1-4df4-8020-22789d74d385,2000,2026-09-04,1788560861,1216,exp_1216,سحب راتب
1fb293b7-5bc2-4dc0-a17c-a20689d253fd,8b99a94e-ae8e-4548-a5c5-1c136c2907aa,40035809-2279-47d2-9689-151a3b098fe1,6000,2026-09-04,1788560850,1215,exp_1215,سحب راتب
e5205195-5611-4809-9017-35c312952679,89d09a3e-2030-4861-b78e-f3d3fbcd25aa,9ffa255f-d7f2-48e3-a2ae-2293f8f0e11b,3000,2026-09-04,1788560841,1214,exp_1214,سحب راتب
19cee077-a0a3-4adf-bff9-08cf9eec82fa,e3cee47e-a449-4a71-8769-f909a07445b0,3fff6cd4-7aa1-4df4-8020-22789d74d385,2000,2026-09-05,1788645402,1229,exp_1229,سحب راتب
8821a0ad-7ae5-4446-9baa-641c15142862,35b52185-8e98-4b3b-b604-2d9b3b73ee2a,40035809-2279-47d2-9689-151a3b098fe1,6000,2026-09-05,1788645320,1225,exp_1225,سحب راتب
6571b162-06a6-4571-a914-b5861512433a,73799be1-79bd-4fe2-9ded-bba0342b60a7,9ffa255f-d7f2-48e3-a2ae-2293f8f0e11b,2000,2026-09-05,1788645384,1228,exp_1228,سحب راتب
0dd6b9bf-ffa0-42f0-a115-42afb3af4d2e,c4877292-86f8-4a4b-ae15-95457bee5c49,3fff6cd4-7aa1-4df4-8020-22789d74d385,2000,2026-09-06,1788732209,1237,exp_1237,سحب راتب
f1a473f5-fabb-41c4-b808-1ebed1806f0b,def588e0-5b2f-49e0-b76e-7661323eb0fb,40035809-2279-47d2-9689-151a3b098fe1,6000,2026-09-06,1788732168,1234,exp_1234,سحب راتب
b66596ff-b1eb-499c-84f1-cf61ea47b409,db0070d1-04d6-4d21-9fca-07d10ff63f06,9ffa255f-d7f2-48e3-a2ae-2293f8f0e11b,2000,2026-09-06,1788731933,1233,exp_1233,سحب راتب
402dca4b-e5e8-43f7-942f-ac281b4c56c7,082d7bb3-948a-4204-b43e-5dc21b49109a,3fff6cd4-7aa1-4df4-8020-22789d74d385,2000,2026-09-07,1788819817,1243,exp_1243,سحب راتب
470e1c44-3a3b-410c-b674-de4fed687442,3daa1681-c3c1-4c6e-b4aa-960fc8cfcfc7,40035809-2279-47d2-9689-151a3b098fe1,6000,2026-09-07,1788819878,1246,exp_1246,سحب راتب
a1d0613f-6325-4913-b4ce-8b386acbb119,dab7e538-32f1-4da3-b129-95eba941516a,3fff6cd4-7aa1-4df4-8020-22789d74d385,2000,2026-09-08,1788903930,1252,exp_1252,سحب راتب
335a4ed5-1415-490f-a427-7513afb9ae68,78e6db5a-2c73-4e38-8007-e2f75c8ba210,40035809-2279-47d2-9689-151a3b098fe1,6000,2026-09-08,1788903893,1249,exp_1249,سحب راتب
347c2d70-5ebc-442a-83c9-aaf7ff762e8b,b95e0f51-3266-4950-a65e-5c4b5c08fc46,91066357-ee19-49b1-8b3f-2698df60d600,10000,2026-09-08,1788903904,1250,exp_1250,سحب راتب
c4da56cb-18b5-4ecf-8b90-f48d76e2a3b8,39a02b4f-7a06-412a-8dfe-2eb29e6ae318,4d5b6752-e6c5-4500-a2f2-d1d62f77e49e,10000,2026-09-09,1788999433,1260,exp_1260,سحب راتب
5078c36b-f122-4947-97c3-60531d6f1e42,f4a3a071-c28f-4f07-8c48-a6bcfb095cc1,9ffa255f-d7f2-48e3-a2ae-2293f8f0e11b,2000,2026-09-09,1788992302,1255,exp_1255,سحب راتب
15186f54-9960-4819-affa-428e64be2736,9f0503d6-ba6c-4054-b6f6-7ca3650114ff,3fff6cd4-7aa1-4df4-8020-22789d74d385,2000,2026-09-10,1789079604,1267,exp_1267,سحب راتب
53809859-6e15-4b11-ad71-604ba4ff9ef3,71875182-fab4-4896-82b4-fbe94bb66c3b,40035809-2279-47d2-9689-151a3b098fe1,6000,2026-09-10,1789079585,1265,exp_1265,سحب راتب
e6cc75a0-e05c-41ae-b538-1973ea46cb36,f3ba3cf9-ee10-4809-8071-6f61eb5aafb0,9ffa255f-d7f2-48e3-a2ae-2293f8f0e11b,2000,2026-09-10,1789079541,1262,exp_1262,سحب راتب
b0e38e8f-7caf-45c2-bf00-68062ac63dab,cb360f9d-3f37-426e-acc5-1c3ecc59febc,3fff6cd4-7aa1-4df4-8020-22789d74d385,2000,2026-09-11,1789165979,1275,exp_1275,سحب راتب
caf7474f-bae5-40d9-9ec3-387e4d1bb375,7ac2ef89-4ea4-460e-a888-87ab66dbdf0e,40035809-2279-47d2-9689-151a3b098fe1,6000,2026-09-11,1789165969,1274,exp_1274,سحب راتب
e89314d8-ccc9-4370-b9a7-35b29119f5a8,dada854f-f802-4a87-8f11-7d51d7ba208d,9ffa255f-d7f2-48e3-a2ae-2293f8f0e11b,2000,2026-09-11,1789165943,1272,exp_1272,سحب راتب
effaff10-89ae-4cb8-934d-bf1cbfdafdb8,d715b70a-0735-4f84-899b-b6a945e7cfa9,3fff6cd4-7aa1-4df4-8020-22789d74d385,2000,2026-09-12,1789251688,1287,exp_1287,سحب راتب
c4182ab8-ab29-454c-9a84-1f5649ae8a98,af89cf79-7565-454d-8e74-2b59dc059631,40035809-2279-47d2-9689-151a3b098fe1,6000,2026-09-12,1789251645,1285,exp_1285,سحب راتب
60df34ae-6b20-41db-b90f-96db553a2ecd,6f9b2727-9c7a-42cc-a2a5-5abee83cea16,9ffa255f-d7f2-48e3-a2ae-2293f8f0e11b,2000,2026-09-12,1789251429,1279,exp_1279,سحب راتب
d4d82cce-e571-430e-b5d0-8036093e00c8,c73effdd-3868-4cb6-bac1-69b029e79b8f,3fff6cd4-7aa1-4df4-8020-22789d74d385,2000,2026-09-13,1789336776,1292,exp_1292,سحب راتب
3b656bb4-0e84-449e-8741-e1658ba0a186,90b7ee9b-ddf8-4536-a1b2-bc95ed0ac48a,40035809-2279-47d2-9689-151a3b098fe1,6000,2026-09-13,1789336767,1291,exp_1291,سحب راتب
4871b353-9836-4ccb-aedf-49e886157c2d,922232bd-d618-4960-b9bf-65531fb6939d,9ffa255f-d7f2-48e3-a2ae-2293f8f0e11b,2000,2026-09-13,1789353003,1294,exp_1294,سحب راتب
50cf6474-2f92-4772-9186-06c4f9d5410b,5a67f7dd-92f7-42cf-88a0-59f7f30d35f5,9ffa255f-d7f2-48e3-a2ae-2293f8f0e11b,3000,2026-09-13,1789336753,1290,exp_1290,سحب راتب
035a6c2b-3bce-4173-86d2-b03fb47a766d,e8155b25-e668-48e6-8690-a0ba347cbc23,1757ccee-954a-4eb1-8c68-b04ccbf08ea5,22000,2026-09-14,1789511945,1317,exp_1317,سحب راتب
c752e1e2-8f58-4722-b264-4459233d0355,713b4793-459f-4db3-8893-cf50de04c40b,1757ccee-954a-4eb1-8c68-b04ccbf08ea5,22000,2026-09-14,1790291697,1395,exp_1395,سحب راتب
aa407288-418d-4a38-aff8-df2eb4620807,2f4f4dcc-af5f-4a44-a045-70ee92084a9d,3fff6cd4-7aa1-4df4-8020-22789d74d385,2000,2026-09-14,1789426419,1301,exp_1301,سحب راتب
94351f3d-1031-489d-a596-563d2aa451ea,7c3e3804-d4a5-402d-9462-979cabb77e6c,9ffa255f-d7f2-48e3-a2ae-2293f8f0e11b,3000,2026-09-14,1789426345,1296,exp_1296,سحب راتب
08cba685-e50e-4b4e-b825-e68a77df9686,c8ba7a8c-491e-43a5-8203-af134c43b977,3fff6cd4-7aa1-4df4-8020-22789d74d385,2400,2026-09-15,1789511971,1318,exp_1318,سحب راتب
06c4cfbf-2989-487a-a1b7-aa8e9f12dd9e,93a3fd82-c483-46e9-bc91-3ba84f95bbdd,40035809-2279-47d2-9689-151a3b098fe1,6000,2026-09-15,1789511893,1314,exp_1314,سحب راتب
855f852c-3a37-427b-a3b7-12b7f2656128,a2fbe347-238b-4e8f-a149-da8df2f1907c,4d5b6752-e6c5-4500-a2f2-d1d62f77e49e,2000,2026-09-15,1789511841,1311,exp_1311,سحب راتب
b211db85-8142-47bd-b5ba-b548f91227fe,519ee72b-b193-448a-858c-007361bf79f0,63858f13-0067-4e0d-bd46-798aeea64005,8000,2026-09-15,1789511874,1313,exp_1313,سحب راتب
7fc92d38-47df-415b-9a98-b46aabc31419,5cc7527e-3361-4f4e-9b73-3e5297c6b2de,218da267-a3b3-4c40-ab96-a25101a8f161,10000,2026-09-16,1789596990,1321,exp_1321,سحب راتب
aa3698c1-d6c8-41bd-a7b7-90674a528867,54790123-5d3f-4fcb-a854-9776aba1a361,40035809-2279-47d2-9689-151a3b098fe1,6000,2026-09-16,1789597010,1323,exp_1323,سحب راتب
d9fd6159-7e23-4a48-8676-865e6ee3d8f6,e1aa7e68-4c98-452b-8600-4c760a7b2073,4d5b6752-e6c5-4500-a2f2-d1d62f77e49e,3000,2026-09-16,1789597000,1322,exp_1322,سحب راتب
2b850cd9-f6cb-491e-9917-46b8a7a8bbb5,9b37206d-23f4-4bfc-a12a-bbb7c93d5f27,9ffa255f-d7f2-48e3-a2ae-2293f8f0e11b,2000,2026-09-16,1789596964,1319,exp_1319,سحب راتب
6fe21b55-8de3-47b7-a71c-8b196ea40bef,4c65a93a-b6f1-4a7b-96d5-821c21bf0d5c,3fff6cd4-7aa1-4df4-8020-22789d74d385,2000,2026-09-17,1789691835,1331,exp_1331,سحب راتب
d30e0b4c-d68f-4d4f-b69c-4a7ac3865b64,19bcae34-de26-42bf-bf79-dbf6a541fb4a,9ffa255f-d7f2-48e3-a2ae-2293f8f0e11b,2000,2026-09-17,1789691817,1329,exp_1329,سحب راتب
7430deb5-1c47-4137-9681-e6d0dcc29ab3,a52e3606-249d-4d4f-b9ff-44e5a3465a74,9ffa255f-d7f2-48e3-a2ae-2293f8f0e11b,3000,2026-09-17,1789706578,1338,exp_1338,سحب راتب
9bd9998f-772f-4153-9acb-3612f67a3a8b,48f55490-6147-43e2-bfa6-7f6243be95cf,3fff6cd4-7aa1-4df4-8020-22789d74d385,2000,2026-09-18,1789770209,1342,exp_1342,سحب راتب
ef4ac1b8-83ec-427f-b408-e7be56edbfef,238dcc85-0506-4fa2-ab9a-83843961bdf1,40035809-2279-47d2-9689-151a3b098fe1,6000,2026-09-18,1789770198,1341,exp_1341,سحب راتب
ba652140-c52e-4b41-b4f4-cf41d75ba1cd,16a415e0-4187-4242-98f5-c9667fb7bbb9,4d5b6752-e6c5-4500-a2f2-d1d62f77e49e,2000,2026-09-18,1789770190,1340,exp_1340,سحب راتب
4d41906d-874d-46ae-921d-95c08a2bd6c4,d42cb59f-1fbb-439b-ae2d-af05631937ef,63858f13-0067-4e0d-bd46-798aeea64005,2000,2026-09-18,1789770180,1339,exp_1339,سحب راتب
2768bad9-9534-40b5-9de4-01c6d57b94c4,1c4688f3-8f50-493b-8d4d-9eac02024ef7,1757ccee-954a-4eb1-8c68-b04ccbf08ea5,30000,2026-09-19,1789856698,1357,exp_1357,سحب راتب
6c32d5a4-4e26-4f4f-a44f-fc33e25d8d06,28420c8f-9af1-4902-9260-4c3fb6aba8a0,3fff6cd4-7aa1-4df4-8020-22789d74d385,2000,2026-09-19,1789856710,1358,exp_1358,سحب راتب
e3e92d77-623c-49a9-83ec-5b80caf4955d,1ff00829-cecd-4fb5-82a3-c7c424da5ff8,40035809-2279-47d2-9689-151a3b098fe1,6000,2026-09-19,1789856676,1355,exp_1355,سحب راتب
8f8c74a2-7239-4ea7-ab1e-e6e161474f3e,e7d497a3-277a-4a39-9165-bfc17d21c54d,4d5b6752-e6c5-4500-a2f2-d1d62f77e49e,2000,2026-09-19,1789856626,1352,exp_1352,سحب راتب
8ca67db7-d46b-4df0-9766-7684bb719749,9f48afc7-ac05-4e1a-8189-dc313aec4d97,63858f13-0067-4e0d-bd46-798aeea64005,2000,2026-09-19,1789856687,1356,exp_1356,سحب راتب
edd6b80b-4725-412e-a8df-051c0cad7570,888827fa-6650-4937-bf13-836ec212b22e,9ffa255f-d7f2-48e3-a2ae-2293f8f0e11b,2000,2026-09-19,1789856664,1354,exp_1354,سحب راتب
1efa4114-21b4-4f11-9358-49d6e6982293,dc441f85-4b18-466b-b5fa-a1a6ab7064ac,3fff6cd4-7aa1-4df4-8020-22789d74d385,2000,2026-09-20,1789942639,1365,exp_1365,سحب راتب
1a94dabd-5a7c-425b-8955-ee123a036709,67df3c72-28b4-4c4c-84de-a9217dc42612,40035809-2279-47d2-9689-151a3b098fe1,6000,2026-09-20,1789942583,1362,exp_1362,سحب راتب
55ed30c7-636d-4b0e-8e86-3079bc58ed39,47fbec24-76b1-4420-b563-09f30e9fe1f3,9ffa255f-d7f2-48e3-a2ae-2293f8f0e11b,2000,2026-09-20,1789942555,1360,exp_1360,سحب راتب
584b5a67-14c6-4a62-be0c-f96e84c5e32e,410aa6d2-3244-405a-882b-1df9d6289987,1757ccee-954a-4eb1-8c68-b04ccbf08ea5,14500,2026-09-21,1790029536,1372,exp_1372,سحب راتب
20b9ed94-b11a-470e-a027-56b22738cdd2,21efe4c9-2157-4195-bf7c-25909345a4e4,3fff6cd4-7aa1-4df4-8020-22789d74d385,2500,2026-09-21,1790029504,1370,exp_1370,سحب راتب
a969c111-7f43-41e7-8242-f213fba7e62c,45bfaba8-4217-47e6-8c8b-9e72c4dd9ce2,40035809-2279-47d2-9689-151a3b098fe1,6000,2026-09-21,1790029491,1369,exp_1369,سحب راتب
f6c8b8fe-699f-46a2-b8fa-2899c44f6ab1,462f56f0-db09-4ab3-9747-476a8e6460f5,63858f13-0067-4e0d-bd46-798aeea64005,3000,2026-09-21,1790029564,1374,exp_1374,سحب راتب
3a773a14-5fb6-458c-8b34-f367b39a8c64,952a1a52-c5b8-421c-8f67-2ff0e184fd49,9ffa255f-d7f2-48e3-a2ae-2293f8f0e11b,2000,2026-09-21,1790029460,1367,exp_1367,سحب راتب
09eb5d20-f39b-46ac-ba81-37446a76fde2,772f9bed-2065-4ef7-b2b2-70b026e910d6,3fff6cd4-7aa1-4df4-8020-22789d74d385,2000,2026-09-22,1790118900,1380,exp_1380,سحب راتب
cff35cde-c0b6-4e38-ad90-040bbcd0d0e0,541c032f-22e4-480c-85ea-930537e2c7ba,40035809-2279-47d2-9689-151a3b098fe1,6000,2026-09-22,1790118876,1378,exp_1378,سحب راتب
2312cbdd-0991-4145-89b9-4a649360afc2,f7cc6c5c-811e-4d25-be3b-7c3ccc94d73a,63858f13-0067-4e0d-bd46-798aeea64005,1000,2026-09-22,1790118891,1379,exp_1379,سحب راتب
786b166d-53cc-4e02-aceb-dab3f6736802,44183acb-34b1-4488-be60-412c591dc99e,3fff6cd4-7aa1-4df4-8020-22789d74d385,2500,2026-09-23,1790199281,1389,exp_1389,سحب راتب
c20d74f9-9ac8-4944-a8c3-ecdbb65ac66f,72f29c6d-413d-478c-aaec-ff39cc2b32c9,40035809-2279-47d2-9689-151a3b098fe1,6000,2026-09-23,1790199243,1387,exp_1387,سحب راتب
8798069b-3190-4514-ae78-9fc8db43f343,ccb39acf-516d-483a-9b3d-29dc35533f50,9ffa255f-d7f2-48e3-a2ae-2293f8f0e11b,2000,2026-09-23,1790199169,1383,exp_1383,سحب راتب
df6a55a7-6c09-4d2b-8246-3ba0bb52a7db,e6336467-b015-4d04-9f2a-150b3fbec5cf,3fff6cd4-7aa1-4df4-8020-22789d74d385,2000,2026-09-24,1790288440,1400,exp_1400,سحب راتب
b9f31981-5510-45ac-9070-1553c6ec94c7,f8a3f08f-2812-4998-9b24-7612ba94b9f3,40035809-2279-47d2-9689-151a3b098fe1,6000,2026-09-24,1790288532,1405,exp_1405,سحب راتب
f41e9355-25dc-4aea-bfcf-9c3bb4a62597,0483bea6-0ad9-4186-88ff-65f8738ce4f5,9ffa255f-d7f2-48e3-a2ae-2293f8f0e11b,3000,2026-09-24,1790288520,1404,exp_1404,سحب راتب
da238cd1-b08a-4a7c-a970-a98455c0e2ac,34c4c106-337e-4e4b-a6ca-08cbfbf75abc,1757ccee-954a-4eb1-8c68-b04ccbf08ea5,18000,2026-09-25,1790375471,1415,exp_1415,سحب راتب
7f101684-edb9-44c5-be56-b03578e8ed1d,bee069b1-80a2-4059-909f-fa3d8b81ba67,3fff6cd4-7aa1-4df4-8020-22789d74d385,2000,2026-09-25,1790375462,1414,exp_1414,سحب راتب
cbb43045-ba37-4879-8c7a-91c7d4eda61e,2e96a123-1e6c-41d4-8371-ab1afd76b807,40035809-2279-47d2-9689-151a3b098fe1,6000,2026-09-25,1790375433,1412,exp_1412,سحب راتب
c687a4e3-ac0b-4c7e-88b2-aa1531befbc2,7cf3b667-876f-4dbe-a781-2751e5b54c6a,3fff6cd4-7aa1-4df4-8020-22789d74d385,2000,2026-09-26,1790460938,1425,exp_1425,سحب راتب
434dce19-7c6a-4bde-bb5b-2efa38d3626d,f4979766-1fc5-4571-8f63-cb199cbda62c,4d5b6752-e6c5-4500-a2f2-d1d62f77e49e,1500,2026-09-26,1790460861,1419,exp_1419,سحب راتب
27a23dee-7543-40b5-b205-c6c7581f3d38,c8d49e5f-6c6d-46a9-8ebc-a3e68520034c,9ffa255f-d7f2-48e3-a2ae-2293f8f0e11b,2000,2026-09-26,1790460836,1418,exp_1418,سحب راتب
67fa154b-89d0-4344-9f4b-05b6f455c97c,3dcaba8b-6546-4921-be7c-4a2f71cba08a,9ffa255f-d7f2-48e3-a2ae-2293f8f0e11b,3000,2026-09-26,1790460957,1426,exp_1426,سحب راتب
4f444c17-e185-4bb4-8c6f-cd85185cc8ec,29699f75-d4d2-4425-a2b1-59affb4ed600,3fff6cd4-7aa1-4df4-8020-22789d74d385,2000,2026-09-27,1790549818,1482,exp_1482,سحب راتب
41796e9d-eb87-49cb-b5b8-039ed63700f9,dcb0b664-1c5f-425d-93f7-e3852ff67753,40035809-2279-47d2-9689-151a3b098fe1,6000,2026-09-27,1790549794,1481,exp_1481,سحب راتب
458f1d10-33d7-42fd-8201-9881bc80a412,e922d893-1052-46c6-ac5f-62059be94f18,4d5b6752-e6c5-4500-a2f2-d1d62f77e49e,46000,2026-09-27,1790632872,1492,exp_1492,سحب راتب
35821955-640e-4d92-b56e-f2522220a736,d3b28846-5180-4ec6-90a1-cca9a33c0907,63858f13-0067-4e0d-bd46-798aeea64005,20000,2026-09-27,1790551593,1489,exp_1489,سحب راتب
22a6dfa2-81a8-422b-b0a1-a1f37ed7cd58,0ef11acc-00fa-4af9-918d-0e29205e3e0a,9ffa255f-d7f2-48e3-a2ae-2293f8f0e11b,3000,2026-09-27,1790549940,1487,exp_1487,سحب راتب
f1ec1138-85a0-44d7-a427-bd39fd5d721b,c83ddd24-4e8b-47fc-81f9-ee5ab2322efa,3fff6cd4-7aa1-4df4-8020-22789d74d385,2000,2026-09-28,1790632883,1493,exp_1493,سحب راتب
99e77b27-13d3-42d8-8e28-272ddf9d797a,e4f15239-1490-4b4d-a3d6-b1a5b6a8f028,40035809-2279-47d2-9689-151a3b098fe1,6000,2026-09-28,1790632913,1495,exp_1495,سحب راتب
a801c0b1-6789-4602-9ce4-24c4ba0a9dbc,2793d2ca-2c96-4c6f-b3ee-3e8e96096f34,40035809-2279-47d2-9689-151a3b098fe1,6000,2026-09-29,1790721288,1501,exp_1501,سحب راتب
c37439df-25a4-4cb7-91f3-a602d722c9cc,25d790a3-9148-452e-b2ed-54322ad50c8c,9ffa255f-d7f2-48e3-a2ae-2293f8f0e11b,2000,2026-09-29,1790721251,1498,exp_1498,سحب راتب
e4387c22-004a-44db-9755-6a1a32b07507,c4550031-3a15-4656-bd61-b44e456350cb,9ffa255f-d7f2-48e3-a2ae-2293f8f0e11b,3000,2026-09-29,1790721340,1504,exp_1504,سحب راتب
5a5efe9b-569f-46a7-86ae-7a02fd19bf48,c7501b71-d348-429b-954e-78620349891d,40035809-2279-47d2-9689-151a3b098fe1,6000,2026-09-30,1790807889,1511,exp_1511,سحب راتب
ac3019a9-1f94-4bd4-ab41-4cbec19904fd,ea3d44b5-48f6-4c15-9862-d4678b636bca,63858f13-0067-4e0d-bd46-798aeea64005,15000,2026-09-30,1790807872,1509,exp_1509,سحب راتب
85c6552c-6c91-460b-a001-ddee1ac8561b,a7db14d2-ca2b-43b8-9948-8d68398003b7,9ffa255f-d7f2-48e3-a2ae-2293f8f0e11b,3000,2026-09-30,1790807906,1512,exp_1512,سحب راتب
79f2456a-5c0e-4f53-8f25-7bb6bab3955b,af59c213-47f1-4643-9415-7fb4f022381b,1757ccee-954a-4eb1-8c68-b04ccbf08ea5,10000,2026-10-01,1790892702,1518,exp_1518,سحب راتب
b53ab953-0f65-4bfb-93d5-bee905cf02b3,4f131e8d-6512-47f4-9421-5b54ae383a41,3fff6cd4-7aa1-4df4-8020-22789d74d385,2000,2026-10-01,1790892683,1516,exp_1516,سحب راتب
3d1c8c91-f33a-4f0e-a635-5344c4e186bf,31c86d68-3941-4cac-8ad2-e8dd1fc1a944,40035809-2279-47d2-9689-151a3b098fe1,6000,2026-10-01,1790892692,1517,exp_1517,سحب راتب
82b7fab0-de4c-46fb-8811-19a6402df7dd,f5a440fe-5de8-4cd8-8e26-69ccafc2652d,91066357-ee19-49b1-8b3f-2698df60d600,10000,2026-10-01,1790892751,1520,exp_1520,سحب راتب
14ea26c5-ab33-4668-b8c8-4d37ef974041,048531b1-071c-4a4f-9d2f-b2882adedac6,9ffa255f-d7f2-48e3-a2ae-2293f8f0e11b,3000,2026-10-01,1790902125,1523,exp_1523,سحب راتب
424efe62-7a66-4dbd-a3f3-b1e10f077bef,dd3934c7-2a9c-41c2-9dfd-242c3952999c,1757ccee-954a-4eb1-8c68-b04ccbf08ea5,11000,2026-10-02,1790979726,1528,exp_1528,سحب راتب
28858ec4-fcbb-4858-b958-e13d04662c5a,1ec92609-eff1-4e74-9a16-6db2641ced34,218da267-a3b3-4c40-ab96-a25101a8f161,20000,2026-10-02,1790979735,1529,exp_1529,سحب راتب
121dfd96-7164-44d8-9a4a-d316dc971903,99a3eb9f-34f3-4216-97b7-f1f8bb92e917,3fff6cd4-7aa1-4df4-8020-22789d74d385,2000,2026-10-02,1790979710,1527,exp_1527,سحب راتب
5a3b6944-49bd-404b-9c5f-1a003a82f07e,bc4c0b36-602d-4406-8ebd-e8ec6f1ff4e0,40035809-2279-47d2-9689-151a3b098fe1,6000,2026-10-02,1790979694,1526,exp_1526,سحب راتب
056d51d7-5669-4fa9-a3f9-0890fffe5bd3,e8eabc2c-f4ec-46bf-8ad7-654f469fc68f,4d5b6752-e6c5-4500-a2f2-d1d62f77e49e,26500,2026-10-02,1790979684,1525,exp_1525,سحب راتب
273b113b-63e0-4978-b86b-9b652157e697,f0859085-cd47-44c6-8b3e-f4e5ffcc0679,3fff6cd4-7aa1-4df4-8020-22789d74d385,2000,2026-10-03,1791068125,1534,exp_1534,سحب راتب
1281af3c-f694-4e08-8d87-915d65577486,056d59d9-62f7-4e71-9333-eb0ce907f137,40035809-2279-47d2-9689-151a3b098fe1,6000,2026-10-03,1791068114,1533,exp_1533,سحب راتب
0fdd2bb1-45d4-4c4f-96ae-1b310b36568d,ff3fe3cf-4a3b-4c62-8271-8c229c6e25a0,9ffa255f-d7f2-48e3-a2ae-2293f8f0e11b,3000,2026-10-03,1791068093,1531,exp_1531,سحب راتب
99d25a23-2a08-420c-a9fd-0431d7cc6022,74ff6fd3-4e16-4cb4-8149-cfe5a1320070,3fff6cd4-7aa1-4df4-8020-22789d74d385,2000,2026-10-04,1791152239,1541,exp_1541,سحب راتب
a68f032d-d0b4-4e71-bb9e-4417477b10de,e186ebd4-5088-4b47-964e-228dd553f708,9ffa255f-d7f2-48e3-a2ae-2293f8f0e11b,3000,2026-10-04,1791152202,1538,exp_1538,سحب راتب
